[
  {
    "disabled": false,
    "hash": "e08cc7041a456118304f39f65e07669ecc5b94d1b41104744279ba3366743a25",
    "name": "arclassBenchmarks",
    "path": "arclassBenchmarks.apk"
  },
  {
    "disabled": false,
    "hash": "4f987b5a6391cb88af4b7a9c06eff2a7b0eac79e16f0ca0079f7ef93dfcce602",
    "name": "arservicesforbodytracking",
    "path": "arservicesforbodytracking.apk"
  },
  {
    "disabled": false,
    "hash": "e41dda6ba8f5b57bc4ef36aaf252f640551d01c61902328a0d3eefffd252c8d3",
    "name": "arservicesforexpressionfitting",
    "path": "arservicesforexpressionfitting.apk"
  },
  {
    "disabled": false,
    "hash": "6c50d22c06b9a1c62d2c0c4f4cd7d97dd616d1d916e173b6d70824884d99e8c9",
    "name": "arservicesforfacewave",
    "path": "arservicesforfacewave.apk"
  },
  {
    "disabled": false,
    "hash": "9bfd1ef4c000229066bb2d861f6d75b8d03b3c68940acf4a0454a28f5aea9d48",
    "name": "arservicesforgenericml",
    "path": "arservicesforgenericml.apk"
  },
  {
    "disabled": false,
    "hash": "1a1b6dcf70305c4c03a581139a3b77c10892ed5a9d2a255fcd084618b8b33b6e",
    "name": "arservicesforhairsegmentation",
    "path": "arservicesforhairsegmentation.apk"
  },
  {
    "disabled": false,
    "hash": "0d4d398974fd42c5892371c7fda0f397a5db3330432216235a9a7babc7057a52",
    "name": "arservicesforhandtracking",
    "path": "arservicesforhandtracking.apk"
  },
  {
    "disabled": false,
    "hash": "8e385f5a5ec620c8238ca59ff19c3f4ee7855a19a2ff556b3ec6f694400c76c5",
    "name": "arservicesforpersonsegmentation",
    "path": "arservicesforpersonsegmentation.apk"
  },
  {
    "disabled": false,
    "hash": "b7eaf28e9e3920b937901cb523e409b412e86b3dab2f7fb0acaf6d00dee2bfb7",
    "name": "arservicesforrecognition",
    "path": "arservicesforrecognition.apk"
  },
  {
    "disabled": false,
    "hash": "c22f70843c006544ab4e2d77f35c00ab821ce331fad252ca5bc5e55f6bd24d4d",
    "name": "arservicesforruntimerigmapping",
    "path": "arservicesforruntimerigmapping.apk"
  },
  {
    "disabled": false,
    "hash": "12c29b639ecfb07972665d34aff6d5980aafa54266da95578cd040f2042c031b",
    "name": "arservicesfortargettracking",
    "path": "arservicesfortargettracking.apk"
  },
  {
    "disabled": false,
    "hash": "cacac95a76f410c97269488a6f36393782803871d06b01950b92abc3f8a9fb47",
    "name": "arservicesforunifiedtargettracking",
    "path": "arservicesforunifiedtargettracking.apk"
  },
  {
    "disabled": false,
    "hash": "fd059b2be5b9945b5d6204605b96369ad7e00264cb75bfc85e46eb2a9e18533e",
    "name": "arservicesforwolf",
    "path": "arservicesforwolf.apk"
  },
  {
    "disabled": false,
    "hash": "675942a4d395a5571546b09c56e37919789d4adf298d79cbffabc80774be6234",
    "name": "creditcardscanner",
    "path": "creditcardscanner.apk"
  },
  {
    "disabled": false,
    "hash": "bd261ecb55f377b5957a1dc38b15ed9c851a8bc3ff1e24edd8ec3c5659fc7c15",
    "name": "dancification",
    "path": "dancification.apk"
  },
  {
    "disabled": false,
    "hash": "837d05a0f981c3e68805c212e07016ba6e2ce7b62d8c8f3a1ca5699677ea473a",
    "name": "devoptions",
    "path": "devoptions.apk"
  },
  {
    "disabled": false,
    "hash": "f64b040ce64d14f67049b7d7ce763b80b47225ceb5cf2af4622a0d1692bb3068",
    "name": "dogfoodingassistant",
    "path": "dogfoodingassistant.apk"
  },
  {
    "disabled": false,
    "hash": "0ccbde842a5d1247ec21b9feadf4ad6ba427f7c990f2611d5e809fae9011adad",
    "name": "ethwalletsimulator",
    "path": "ethwalletsimulator.apk"
  },
  {
    "disabled": false,
    "hash": "d479ea0c5a72dc783ff8d870f27abc77615f54531782645f6b8845d3418843ba",
    "name": "hdrphotocapture",
    "path": "hdrphotocapture.apk"
  },
  {
    "disabled": false,
    "hash": "448215f332d1d350032845d9b055c8378e289129672f8027bdc34524c64cc137",
    "name": "igwbselfiecaptchachallenge",
    "path": "igwbselfiecaptchachallenge.apk"
  },
  {
    "disabled": false,
    "hash": "526265b99d91d679ba3d36a952f86e081a45a47a691bcc1cffd71f69f5239c82",
    "name": "mapbox",
    "path": "mapbox.apk"
  },
  {
    "disabled": true,
    "hash": "4a1aabe6d676aae290ab14614dd64e695c4947e766d7f650cbe05f3bd5a8227c",
    "name": "notworkingdeprulefixmoduledummy",
    "path": "notworkingdeprulefixmoduledummy.apk"
  },
  {
    "disabled": false,
    "hash": "d9bd3f82316599289f78dc217f81a3d1d53e1253fa12865ca0dce2cdb9ceac2f",
    "name": "papaya",
    "path": "papaya.apk"
  },
  {
    "disabled": false,
    "hash": "1ed751f21e511b90725e32da5ac1e866bd405b319fad7f57004f398ab805e893",
    "name": "proxyservice",
    "path": "proxyservice.apk"
  },
  {
    "disabled": false,
    "hash": "0d39fa8e8cb69d27d26e788c187424823fcd266773033667e7a21f1fb9dd3677",
    "name": "pytorch",
    "path": "pytorch.apk"
  },
  {
    "disabled": true,
    "hash": "ad062bdbfc407f362e2b3832ab99a23dd808591211a19906dc2e5466d9e7e454",
    "name": "s_1324189732",
    "path": "s_1324189732.apk"
  },
  {
    "disabled": true,
    "hash": "5c979a10887aa4ea3c111efae17d53d971a0aa6e294ce24433d1b6ca07ad3cbd",
    "name": "s_2041275993",
    "path": "s_2041275993.apk"
  },
  {
    "disabled": true,
    "hash": "836caf6161233a39bdeeb00b86db3677b4c47c7c770ee5ada07a860ea9e1e38a",
    "name": "s_396201961",
    "path": "s_396201961.apk"
  },
  {
    "disabled": false,
    "hash": "408464e5c05c10124576763f982354a45eb39e5f375cd3a38065a05d162e3718",
    "name": "s_590158924",
    "path": "s_590158924.apk"
  },
  {
    "disabled": true,
    "hash": "4a216df776382dc4ea66b799d454e27c11afdccf99da515e7c507590a4f174ac",
    "name": "s_710768825",
    "path": "s_710768825.apk"
  },
  {
    "disabled": true,
    "hash": "78bdb4223f476d997c2929eef386507fee79fea5946c7f31bdd14dcb9612e262",
    "name": "s_821662336",
    "path": "s_821662336.apk"
  },
  {
    "disabled": false,
    "hash": "207ff3facab78c9be7edaa6d338f92a09065a0d9f8673af89fd5cc6afdfe57cc",
    "name": "s_creditcardscanner_hdrphotocapture",
    "path": "s_creditcardscanner_hdrphotocapture.apk"
  },
  {
    "disabled": false,
    "hash": "f1dc32ec2bdd1db006be2411b99371e5e08b435f79f9102dfe94cc586dadcabc",
    "name": "s_dancification_hdrphotocapture",
    "path": "s_dancification_hdrphotocapture.apk"
  },
  {
    "disabled": false,
    "hash": "5d83eb5af055ee8b536eda30586b28b225adffc00a8ced03cec7e3e5cb99f75a",
    "name": "s_devoptions_dogfoodingassistant",
    "path": "s_devoptions_dogfoodingassistant.apk"
  },
  {
    "disabled": true,
    "hash": "1932768923695f7fc6ebadff681ec98200aed88f3fde762cb7337f0bc6311c5f",
    "name": "s_hdrphotocapture_pytorch",
    "path": "s_hdrphotocapture_pytorch.apk"
  },
  {
    "disabled": false,
    "hash": "2600a85482e31953b89d8081b0272978d3927b9f47ac556f1a40ebd17266b780",
    "name": "slam",
    "path": "slam.apk"
  },
  {
    "disabled": false,
    "hash": "cbad1e693d890bcc2a2ad68992cad03beaf7256c50a08e95d8dfda00f4308e2d",
    "name": "supmediastreamcontroller",
    "path": "supmediastreamcontroller.apk"
  }
]