{
  "ARClassBenchmarkCountQuery": {
    "operation_name": "ARClassBenchmarkCountQuery",
    "operation_name_hash": "1187638160",
    "operation_text_hash": "17860637770133453199",
    "client_doc_id": "118763816017860637770133453199",
    "schema": "instagram"
  },
  "AdActivityRemoveMutation": {
    "operation_name": "AdActivityRemoveMutation",
    "operation_name_hash": "1844945841",
    "operation_text_hash": "12860177357404971865",
    "client_doc_id": "184494584112860177357404971865",
    "schema": "instagram"
  },
  "AdActivityRemoveUndoMutation": {
    "operation_name": "AdActivityRemoveUndoMutation",
    "operation_name_hash": "1534204274",
    "operation_text_hash": "2756130244660511853",
    "client_doc_id": "15342042742756130244660511853",
    "schema": "instagram"
  },
  "ArStickersSavedObjectQuery": {
    "operation_name": "ArStickersSavedObjectQuery",
    "operation_name_hash": "3347943367",
    "operation_text_hash": "11698005981623565646",
    "client_doc_id": "334794336711698005981623565646",
    "schema": "instagram"
  },
  "AuditToolPreview": {
    "operation_name": "AuditToolPreview",
    "operation_name_hash": "2413814283",
    "operation_text_hash": "10360030882555561126",
    "client_doc_id": "241381428310360030882555561126",
    "schema": "instagram"
  },
  "BasicAdsOptInQuery": {
    "operation_name": "BasicAdsOptInQuery",
    "operation_name_hash": "3305291947",
    "operation_text_hash": "11000889331372970309",
    "client_doc_id": "330529194711000889331372970309",
    "schema": "instagram"
  },
  "CTDAutomatedResponsesStateMutation": {
    "operation_name": "CTDAutomatedResponsesStateMutation",
    "operation_name_hash": "3140815206",
    "operation_text_hash": "7702060253668551288",
    "client_doc_id": "31408152067702060253668551288",
    "schema": "instagram"
  },
  "CTDAutomatedResponsesStateV2Mutation": {
    "operation_name": "CTDAutomatedResponsesStateV2Mutation",
    "operation_name_hash": "2438345077",
    "operation_text_hash": "11011393393380391690",
    "client_doc_id": "243834507711011393393380391690",
    "schema": "instagram"
  },
  "CategoryTypeaheadQuery": {
    "operation_name": "CategoryTypeaheadQuery",
    "operation_name_hash": "790092726",
    "operation_text_hash": "5954473313467823646",
    "client_doc_id": "7900927265954473313467823646",
    "schema": "instagram"
  },
  "CoWatchCatalogQuery": {
    "operation_name": "CoWatchCatalogQuery",
    "operation_name_hash": "2572711231",
    "operation_text_hash": "8936052821477331402",
    "client_doc_id": "25727112318936052821477331402",
    "schema": "instagram"
  },
  "CoWatchMediaSyncContentQuery": {
    "operation_name": "CoWatchMediaSyncContentQuery",
    "operation_name_hash": "4113049914",
    "operation_text_hash": "17778444820865543693",
    "client_doc_id": "411304991417778444820865543693",
    "schema": "instagram"
  },
  "CommonAREffectSearchQuery": {
    "operation_name": "CommonAREffectSearchQuery",
    "operation_name_hash": "3090072435",
    "operation_text_hash": "2164990567688982338",
    "client_doc_id": "30900724352164990567688982338",
    "schema": "instagram"
  },
  "ContentSchedulingDeleteMutation": {
    "operation_name": "ContentSchedulingDeleteMutation",
    "operation_name_hash": "4271634890",
    "operation_text_hash": "17858434268019295249",
    "client_doc_id": "427163489017858434268019295249",
    "schema": "instagram"
  },
  "ContentSchedulingPublishMutation": {
    "operation_name": "ContentSchedulingPublishMutation",
    "operation_name_hash": "3822207446",
    "operation_text_hash": "9316532081363778327",
    "client_doc_id": "38222074469316532081363778327",
    "schema": "instagram"
  },
  "ContentSchedulingRescheduleMutation": {
    "operation_name": "ContentSchedulingRescheduleMutation",
    "operation_name_hash": "24989981",
    "operation_text_hash": "2635633249465253069",
    "client_doc_id": "249899812635633249465253069",
    "schema": "instagram"
  },
  "CreateDigitalContentPurchasedMutation": {
    "operation_name": "CreateDigitalContentPurchasedMutation",
    "operation_name_hash": "2724805308",
    "operation_text_hash": "6436267421291346512",
    "client_doc_id": "27248053086436267421291346512",
    "schema": "instagram"
  },
  "CreateRoomMutation": {
    "operation_name": "CreateRoomMutation",
    "operation_name_hash": "1103921893",
    "operation_text_hash": "17411915757173806087",
    "client_doc_id": "110392189317411915757173806087",
    "schema": "instagram"
  },
  "CreatorAndBusinessSuggestedCategoriesQuery": {
    "operation_name": "CreatorAndBusinessSuggestedCategoriesQuery",
    "operation_name_hash": "1871027857",
    "operation_text_hash": "7624303737235055843",
    "client_doc_id": "18710278577624303737235055843",
    "schema": "instagram"
  },
  "DiverseOwnedBusiness": {
    "operation_name": "DiverseOwnedBusiness",
    "operation_name_hash": "532063203",
    "operation_text_hash": "10982367126074181373",
    "client_doc_id": "53206320310982367126074181373",
    "schema": "instagram"
  },
  "DiverseOwnedBusinessDelete": {
    "operation_name": "DiverseOwnedBusinessDelete",
    "operation_name_hash": "2739792868",
    "operation_text_hash": "2029397734471391313",
    "client_doc_id": "27397928682029397734471391313",
    "schema": "instagram"
  },
  "DiverseOwnedBusinessMutate": {
    "operation_name": "DiverseOwnedBusinessMutate",
    "operation_name_hash": "4205841900",
    "operation_text_hash": "8608592774480657771",
    "client_doc_id": "42058419008608592774480657771",
    "schema": "instagram"
  },
  "EnableBenefitOnPackage": {
    "operation_name": "EnableBenefitOnPackage",
    "operation_name_hash": "2463656665",
    "operation_text_hash": "8959948898889082929",
    "client_doc_id": "24636566658959948898889082929",
    "schema": "instagram"
  },
  "EndRoomMutation": {
    "operation_name": "EndRoomMutation",
    "operation_name_hash": "4262616320",
    "operation_text_hash": "11540218449366730832",
    "client_doc_id": "426261632011540218449366730832",
    "schema": "instagram"
  },
  "EnterRoomMutation": {
    "operation_name": "EnterRoomMutation",
    "operation_name_hash": "1126503315",
    "operation_text_hash": "14993723698818810269",
    "client_doc_id": "112650331514993723698818810269",
    "schema": "instagram"
  },
  "FBProductAndShopCrossTaggingEligibility": {
    "operation_name": "FBProductAndShopCrossTaggingEligibility",
    "operation_name_hash": "416855278",
    "operation_text_hash": "9376437640170095603",
    "client_doc_id": "4168552789376437640170095603",
    "schema": "instagram"
  },
  "FBProductCrossTaggingEligibility": {
    "operation_name": "FBProductCrossTaggingEligibility",
    "operation_name_hash": "3765117475",
    "operation_text_hash": "8193436181361154050",
    "client_doc_id": "37651174758193436181361154050",
    "schema": "instagram"
  },
  "FBShopCrossTaggingEligibility": {
    "operation_name": "FBShopCrossTaggingEligibility",
    "operation_name_hash": "1161141911",
    "operation_text_hash": "5286990167812737171",
    "client_doc_id": "11611419115286990167812737171",
    "schema": "instagram"
  },
  "FXGrowthClearImpressionsForISUpsell": {
    "operation_name": "FXGrowthClearImpressionsForISUpsell",
    "operation_name_hash": "2708008634",
    "operation_text_hash": "2288831028325066597",
    "client_doc_id": "27080086342288831028325066597",
    "schema": "instagram"
  },
  "FXGrowthLogImpressionForISUpsell": {
    "operation_name": "FXGrowthLogImpressionForISUpsell",
    "operation_name_hash": "179036080",
    "operation_text_hash": "2669824421280661803",
    "client_doc_id": "1790360802669824421280661803",
    "schema": "instagram"
  },
  "FamilyDeviceIDAppScopedDeviceIDSyncMutation": {
    "operation_name": "FamilyDeviceIDAppScopedDeviceIDSyncMutation",
    "operation_name_hash": "455411352",
    "operation_text_hash": "11656989759849643861",
    "client_doc_id": "45541135211656989759849643861",
    "schema": "instagram"
  },
  "FanClubBlockMember": {
    "operation_name": "FanClubBlockMember",
    "operation_name_hash": "680037071",
    "operation_text_hash": "13825017452847515033",
    "client_doc_id": "68003707113825017452847515033",
    "schema": "instagram"
  },
  "FanClubUnBlockMember": {
    "operation_name": "FanClubUnBlockMember",
    "operation_name_hash": "3592623610",
    "operation_text_hash": "8154816396701929242",
    "client_doc_id": "35926236108154816396701929242",
    "schema": "instagram"
  },
  "FetchCapabilityLatestAimVersionQuery": {
    "operation_name": "FetchCapabilityLatestAimVersionQuery",
    "operation_name_hash": "874212348",
    "operation_text_hash": "15838324380149791003",
    "client_doc_id": "87421234815838324380149791003",
    "schema": "instagram"
  },
  "FetchCapabilityLatestVersionQuery": {
    "operation_name": "FetchCapabilityLatestVersionQuery",
    "operation_name_hash": "4061145890",
    "operation_text_hash": "11743287978421745311",
    "client_doc_id": "406114589011743287978421745311",
    "schema": "instagram"
  },
  "FetchCapabilityMetadataQuery": {
    "operation_name": "FetchCapabilityMetadataQuery",
    "operation_name_hash": "3619254108",
    "operation_text_hash": "4164174081170349803",
    "client_doc_id": "36192541084164174081170349803",
    "schema": "instagram"
  },
  "FetchFanClubMembershipsFromUser": {
    "operation_name": "FetchFanClubMembershipsFromUser",
    "operation_name_hash": "454188176",
    "operation_text_hash": "17457012598873260614",
    "client_doc_id": "45418817617457012598873260614",
    "schema": "instagram"
  },
  "FxIGMasterAccountQuery": {
    "operation_name": "FxIGMasterAccountQuery",
    "operation_name_hash": "236059517",
    "operation_text_hash": "6862111525507030448",
    "client_doc_id": "2360595176862111525507030448",
    "schema": "instagram"
  },
  "FxIgCanUserSeeACUpsellMultiNativeAuthQuery": {
    "operation_name": "FxIgCanUserSeeACUpsellMultiNativeAuthQuery",
    "operation_name_hash": "3621582609",
    "operation_text_hash": "9985875320406993582",
    "client_doc_id": "36215826099985875320406993582",
    "schema": "instagram"
  },
  "FxSettingsAccountsCenterTransitionQuery": {
    "operation_name": "FxSettingsAccountsCenterTransitionQuery",
    "operation_name_hash": "2545993347",
    "operation_text_hash": "5306394866222273979",
    "client_doc_id": "25459933475306394866222273979",
    "schema": "instagram"
  },
  "FxSettingsAdsTransition": {
    "operation_name": "FxSettingsAdsTransition",
    "operation_name_hash": "2736083972",
    "operation_text_hash": "12589635232904979673",
    "client_doc_id": "273608397212589635232904979673",
    "schema": "instagram"
  },
  "FxSettingsCookiesSubtitle": {
    "operation_name": "FxSettingsCookiesSubtitle",
    "operation_name_hash": "548979154",
    "operation_text_hash": "17943260806488794350",
    "client_doc_id": "54897915417943260806488794350",
    "schema": "instagram"
  },
  "FxSettingsPersonalDetailsShouldShowInAc": {
    "operation_name": "FxSettingsPersonalDetailsShouldShowInAc",
    "operation_name_hash": "3378317245",
    "operation_text_hash": "3505301777955559569",
    "client_doc_id": "33783172453505301777955559569",
    "schema": "instagram"
  },
  "FxSettingsPersonalInformationTransition": {
    "operation_name": "FxSettingsPersonalInformationTransition",
    "operation_name_hash": "1851084528",
    "operation_text_hash": "18359389272402725617",
    "client_doc_id": "185108452818359389272402725617",
    "schema": "instagram"
  },
  "FxSettingsSearchQuery": {
    "operation_name": "FxSettingsSearchQuery",
    "operation_name_hash": "3636174534",
    "operation_text_hash": "2395845376355864757",
    "client_doc_id": "36361745342395845376355864757",
    "schema": "instagram"
  },
  "FxSettingsSecurityTransition": {
    "operation_name": "FxSettingsSecurityTransition",
    "operation_name_hash": "2149772101",
    "operation_text_hash": "14995904361112389434",
    "client_doc_id": "214977210114995904361112389434",
    "schema": "instagram"
  },
  "FxUpSellTargeting": {
    "operation_name": "FxUpSellTargeting",
    "operation_name_hash": "4228120471",
    "operation_text_hash": "11346863566033966421",
    "client_doc_id": "422812047111346863566033966421",
    "schema": "instagram"
  },
  "HasAvatarQuery": {
    "operation_name": "HasAvatarQuery",
    "operation_name_hash": "1765753391",
    "operation_text_hash": "2261710159945841698",
    "client_doc_id": "17657533912261710159945841698",
    "schema": "instagram"
  },
  "HorizonNegotiateSDPMutation": {
    "operation_name": "HorizonNegotiateSDPMutation",
    "operation_name_hash": "1445841912",
    "operation_text_hash": "6863489392844216522",
    "client_doc_id": "14458419126863489392844216522",
    "schema": "instagram"
  },
  "IABAutofillData": {
    "operation_name": "IABAutofillData",
    "operation_name_hash": "513309857",
    "operation_text_hash": "12724841501803384642",
    "client_doc_id": "51330985712724841501803384642",
    "schema": "instagram"
  },
  "IABAutofillDeleteData": {
    "operation_name": "IABAutofillDeleteData",
    "operation_name_hash": "3183749858",
    "operation_text_hash": "17160214564317820347",
    "client_doc_id": "318374985817160214564317820347",
    "schema": "instagram"
  },
  "IABAutofillDeleteDataMultiEntries": {
    "operation_name": "IABAutofillDeleteDataMultiEntries",
    "operation_name_hash": "890137023",
    "operation_text_hash": "9083578117724383600",
    "client_doc_id": "8901370239083578117724383600",
    "schema": "instagram"
  },
  "IABAutofillMultiData": {
    "operation_name": "IABAutofillMultiData",
    "operation_name_hash": "1220628865",
    "operation_text_hash": "3188894782623593913",
    "client_doc_id": "12206288653188894782623593913",
    "schema": "instagram"
  },
  "IABAutofillSaveData": {
    "operation_name": "IABAutofillSaveData",
    "operation_name_hash": "352533107",
    "operation_text_hash": "17576957673489846672",
    "client_doc_id": "35253310717576957673489846672",
    "schema": "instagram"
  },
  "IABAutofillSaveDataEntries": {
    "operation_name": "IABAutofillSaveDataEntries",
    "operation_name_hash": "3908840038",
    "operation_text_hash": "17420747449317624124",
    "client_doc_id": "390884003817420747449317624124",
    "schema": "instagram"
  },
  "IABLinkHistorySettingsQuery": {
    "operation_name": "IABLinkHistorySettingsQuery",
    "operation_name_hash": "3070091620",
    "operation_text_hash": "7858211530632040165",
    "client_doc_id": "30700916207858211530632040165",
    "schema": "instagram"
  },
  "IGAPIFriendshipsUserFollowers": {
    "operation_name": "IGAPIFriendshipsUserFollowers",
    "operation_name_hash": "1599490858",
    "operation_text_hash": "2167975980333039481",
    "client_doc_id": "15994908582167975980333039481",
    "schema": "distillery"
  },
  "IGAPIFriendshipsUserFollowing": {
    "operation_name": "IGAPIFriendshipsUserFollowing",
    "operation_name_hash": "782983586",
    "operation_text_hash": "15478887270642415587",
    "client_doc_id": "78298358615478887270642415587",
    "schema": "distillery"
  },
  "IGAREffectCollectionQuery": {
    "operation_name": "IGAREffectCollectionQuery",
    "operation_name_hash": "2241967928",
    "operation_text_hash": "7823587703190188691",
    "client_doc_id": "22419679287823587703190188691",
    "schema": "instagram"
  },
  "IGAREffectPreviewByIdQuery": {
    "operation_name": "IGAREffectPreviewByIdQuery",
    "operation_name_hash": "1176353231",
    "operation_text_hash": "15539798638714540862",
    "client_doc_id": "117635323115539798638714540862",
    "schema": "instagram"
  },
  "IGAREffectSaveMutation": {
    "operation_name": "IGAREffectSaveMutation",
    "operation_name_hash": "135874465",
    "operation_text_hash": "10711462816547992587",
    "client_doc_id": "13587446510711462816547992587",
    "schema": "instagram"
  },
  "IGAREffectUnsaveMutation": {
    "operation_name": "IGAREffectUnsaveMutation",
    "operation_name_hash": "1886073161",
    "operation_text_hash": "5088786559567939346",
    "client_doc_id": "18860731615088786559567939346",
    "schema": "instagram"
  },
  "IGAREffectsByIdQuery": {
    "operation_name": "IGAREffectsByIdQuery",
    "operation_name_hash": "2213008372",
    "operation_text_hash": "2183534489837979981",
    "client_doc_id": "22130083722183534489837979981",
    "schema": "instagram"
  },
  "IGAREffectsForProfileQuery": {
    "operation_name": "IGAREffectsForProfileQuery",
    "operation_name_hash": "1362156368",
    "operation_text_hash": "14512003424357632327",
    "client_doc_id": "136215636814512003424357632327",
    "schema": "instagram"
  },
  "IGAREffectsGalleryCategoriesQuery": {
    "operation_name": "IGAREffectsGalleryCategoriesQuery",
    "operation_name_hash": "3362397858",
    "operation_text_hash": "16156962854618815227",
    "client_doc_id": "336239785816156962854618815227",
    "schema": "instagram"
  },
  "IGARStickersMetadataQuery": {
    "operation_name": "IGARStickersMetadataQuery",
    "operation_name_hash": "1760521555",
    "operation_text_hash": "7178869595036497080",
    "client_doc_id": "17605215557178869595036497080",
    "schema": "instagram"
  },
  "IGAvatarInfoQuery": {
    "operation_name": "IGAvatarInfoQuery",
    "operation_name_hash": "674627522",
    "operation_text_hash": "16166085352084549799",
    "client_doc_id": "67462752216166085352084549799",
    "schema": "instagram"
  },
  "IGAvatarProfilePicInfoQuery": {
    "operation_name": "IGAvatarProfilePicInfoQuery",
    "operation_name_hash": "3111317732",
    "operation_text_hash": "13539495474854726051",
    "client_doc_id": "311131773213539495474854726051",
    "schema": "instagram"
  },
  "IGAvatarProfilePictureQuery": {
    "operation_name": "IGAvatarProfilePictureQuery",
    "operation_name_hash": "2671168863",
    "operation_text_hash": "4962505404329560286",
    "client_doc_id": "26711688634962505404329560286",
    "schema": "instagram"
  },
  "IGAvatarStickersForKeysQuery": {
    "operation_name": "IGAvatarStickersForKeysQuery",
    "operation_name_hash": "2158178041",
    "operation_text_hash": "4225575236847729137",
    "client_doc_id": "21581780414225575236847729137",
    "schema": "instagram"
  },
  "IGBoostPlacementWebviewPreviewInfoQuery": {
    "operation_name": "IGBoostPlacementWebviewPreviewInfoQuery",
    "operation_name_hash": "814289682",
    "operation_text_hash": "2011264987276305169",
    "client_doc_id": "8142896822011264987276305169",
    "schema": "instagram"
  },
  "IGBugReportSubmitMutation": {
    "operation_name": "IGBugReportSubmitMutation",
    "operation_name_hash": "2938391760",
    "operation_text_hash": "6563460457175616767",
    "client_doc_id": "29383917606563460457175616767",
    "schema": "instagram"
  },
  "IGCoPresenceRankingModel": {
    "operation_name": "IGCoPresenceRankingModel",
    "operation_name_hash": "3853482964",
    "operation_text_hash": "18235549120349460364",
    "client_doc_id": "385348296418235549120349460364",
    "schema": "instagram"
  },
  "IGContentFilterDictionaryGetQuery": {
    "operation_name": "IGContentFilterDictionaryGetQuery",
    "operation_name_hash": "1076842946",
    "operation_text_hash": "10369956501569724184",
    "client_doc_id": "107684294610369956501569724184",
    "schema": "instagram"
  },
  "IGContentFilterDictionaryLookupQuery": {
    "operation_name": "IGContentFilterDictionaryLookupQuery",
    "operation_name_hash": "2052788928",
    "operation_text_hash": "8964126383169629012",
    "client_doc_id": "20527889288964126383169629012",
    "schema": "instagram"
  },
  "IGCreateDigitalContentQuoteMutation": {
    "operation_name": "IGCreateDigitalContentQuoteMutation",
    "operation_name_hash": "3252858514",
    "operation_text_hash": "1102437681647174193",
    "client_doc_id": "32528585141102437681647174193",
    "schema": "instagram"
  },
  "IGDeleteMutation": {
    "operation_name": "IGDeleteMutation",
    "operation_name_hash": "895875810",
    "operation_text_hash": "5968714887108958292",
    "client_doc_id": "8958758105968714887108958292",
    "schema": "instagram"
  },
  "IGDirectDebigPayoutACHCompletion": {
    "operation_name": "IGDirectDebigPayoutACHCompletion",
    "operation_name_hash": "3924945827",
    "operation_text_hash": "12908225161145876366",
    "client_doc_id": "392494582712908225161145876366",
    "schema": "instagram"
  },
  "IGDirectDebitPayoutACHInitialization": {
    "operation_name": "IGDirectDebitPayoutACHInitialization",
    "operation_name_hash": "734357872",
    "operation_text_hash": "12828312502404686094",
    "client_doc_id": "73435787212828312502404686094",
    "schema": "instagram"
  },
  "IGDogfoodingAssistantAddDogfooderMutation": {
    "operation_name": "IGDogfoodingAssistantAddDogfooderMutation",
    "operation_name_hash": "1903466328",
    "operation_text_hash": "3223380108499562788",
    "client_doc_id": "19034663283223380108499562788",
    "schema": "instagram"
  },
  "IGDogfoodingAssistantDiscoveryQuery": {
    "operation_name": "IGDogfoodingAssistantDiscoveryQuery",
    "operation_name_hash": "1770350628",
    "operation_text_hash": "9654477102232763624",
    "client_doc_id": "17703506289654477102232763624",
    "schema": "instagram"
  },
  "IGDogfoodingAssistantSessionQuery": {
    "operation_name": "IGDogfoodingAssistantSessionQuery",
    "operation_name_hash": "3481592337",
    "operation_text_hash": "15893325912345748138",
    "client_doc_id": "348159233715893325912345748138",
    "schema": "instagram"
  },
  "IGExampleQuery": {
    "operation_name": "IGExampleQuery",
    "operation_name_hash": "3080350499",
    "operation_text_hash": "18279509789641897998",
    "client_doc_id": "308035049918279509789641897998",
    "schema": "instagram"
  },
  "IGFBPayExperienceEnabled": {
    "operation_name": "IGFBPayExperienceEnabled",
    "operation_name_hash": "2406846222",
    "operation_text_hash": "13524123388956663510",
    "client_doc_id": "240684622213524123388956663510",
    "schema": "instagram"
  },
  "IGFXCALServiceEnabled": {
    "operation_name": "IGFXCALServiceEnabled",
    "operation_name_hash": "1426586878",
    "operation_text_hash": "9461167499303462411",
    "client_doc_id": "14265868789461167499303462411",
    "schema": "instagram"
  },
  "IGFXGrowthACUpsellEligibilityConfigQuery": {
    "operation_name": "IGFXGrowthACUpsellEligibilityConfigQuery",
    "operation_name_hash": "2096510991",
    "operation_text_hash": "6370109336761714372",
    "client_doc_id": "20965109916370109336761714372",
    "schema": "instagram"
  },
  "IGFXIMNUXConfigQuery": {
    "operation_name": "IGFXIMNUXConfigQuery",
    "operation_name_hash": "2536264334",
    "operation_text_hash": "10848704186508473325",
    "client_doc_id": "253626433410848704186508473325",
    "schema": "instagram"
  },
  "IGFetchLDPTransactionToolSelectorApps": {
    "operation_name": "IGFetchLDPTransactionToolSelectorApps",
    "operation_name_hash": "2977764961",
    "operation_text_hash": "7080046830745055768",
    "client_doc_id": "29777649617080046830745055768",
    "schema": "instagram"
  },
  "IGFullyDisconnectFbPagesMutation": {
    "operation_name": "IGFullyDisconnectFbPagesMutation",
    "operation_name_hash": "65279977",
    "operation_text_hash": "472524786453310922",
    "client_doc_id": "65279977472524786453310922",
    "schema": "instagram"
  },
  "IGFxCanUserSeeISUpsellQuery": {
    "operation_name": "IGFxCanUserSeeISUpsellQuery",
    "operation_name_hash": "2124744948",
    "operation_text_hash": "3725938272158452359",
    "client_doc_id": "21247449483725938272158452359",
    "schema": "instagram"
  },
  "IGFxFbProfilePicIsSilhouetteQuery": {
    "operation_name": "IGFxFbProfilePicIsSilhouetteQuery",
    "operation_name_hash": "247477846",
    "operation_text_hash": "14618678432087007437",
    "client_doc_id": "24747784614618678432087007437",
    "schema": "instagram"
  },
  "IGFxGenEligibleIgIgCrosspostingAccounts": {
    "operation_name": "IGFxGenEligibleIgIgCrosspostingAccounts",
    "operation_name_hash": "4151669213",
    "operation_text_hash": "13712943937950495311",
    "client_doc_id": "415166921313712943937950495311",
    "schema": "instagram"
  },
  "IGFxIdentityManagementMutation": {
    "operation_name": "IGFxIdentityManagementMutation",
    "operation_name_hash": "853260102",
    "operation_text_hash": "16539862093750035812",
    "client_doc_id": "85326010216539862093750035812",
    "schema": "instagram"
  },
  "IGFxIdentityManagementQuery": {
    "operation_name": "IGFxIdentityManagementQuery",
    "operation_name_hash": "849862570",
    "operation_text_hash": "5974738062254158074",
    "client_doc_id": "8498625705974738062254158074",
    "schema": "instagram"
  },
  "IGFxImBusinessReminderQuery": {
    "operation_name": "IGFxImBusinessReminderQuery",
    "operation_name_hash": "2139564022",
    "operation_text_hash": "18434527751681504914",
    "client_doc_id": "213956402218434527751681504914",
    "schema": "instagram"
  },
  "IGFxImSyncResourcesMutation": {
    "operation_name": "IGFxImSyncResourcesMutation",
    "operation_name_hash": "4273348945",
    "operation_text_hash": "1457125517970566410",
    "client_doc_id": "42733489451457125517970566410",
    "schema": "instagram"
  },
  "IGFxLinkedAccountsQuery": {
    "operation_name": "IGFxLinkedAccountsQuery",
    "operation_name_hash": "432308210",
    "operation_text_hash": "968546048463396896",
    "client_doc_id": "432308210968546048463396896",
    "schema": "instagram"
  },
  "IGFxNativeAuthTokenVerificationQuery": {
    "operation_name": "IGFxNativeAuthTokenVerificationQuery",
    "operation_name_hash": "160339262",
    "operation_text_hash": "6740513305617597195",
    "client_doc_id": "1603392626740513305617597195",
    "schema": "instagram"
  },
  "IGGetPayoutMethdodWithLinkedProductsQuery": {
    "operation_name": "IGGetPayoutMethdodWithLinkedProductsQuery",
    "operation_name_hash": "501778433",
    "operation_text_hash": "6611957138723135542",
    "client_doc_id": "5017784336611957138723135542",
    "schema": "instagram"
  },
  "IGGraphQLNonprofitFundraiserCreateMutation": {
    "operation_name": "IGGraphQLNonprofitFundraiserCreateMutation",
    "operation_name_hash": "646477927",
    "operation_text_hash": "3968112245387610286",
    "client_doc_id": "6464779273968112245387610286",
    "schema": "instagram"
  },
  "IGIABAutofillSettings": {
    "operation_name": "IGIABAutofillSettings",
    "operation_name_hash": "3533259597",
    "operation_text_hash": "4643656395238581434",
    "client_doc_id": "35332595974643656395238581434",
    "schema": "instagram"
  },
  "IGIABAutofillUpdateSettingsMutation": {
    "operation_name": "IGIABAutofillUpdateSettingsMutation",
    "operation_name_hash": "1730872598",
    "operation_text_hash": "11343884669138397052",
    "client_doc_id": "173087259811343884669138397052",
    "schema": "instagram"
  },
  "IGIXTValidateTypes": {
    "operation_name": "IGIXTValidateTypes",
    "operation_name_hash": "3625225881",
    "operation_text_hash": "18114086007977311091",
    "client_doc_id": "362522588118114086007977311091",
    "schema": "instagram"
  },
  "IGMultiRelayDiscovery": {
    "operation_name": "IGMultiRelayDiscovery",
    "operation_name_hash": "1820159317",
    "operation_text_hash": "15788327532480717747",
    "client_doc_id": "182015931715788327532480717747",
    "schema": "instagram"
  },
  "IGNotificationMessagesMutationCall": {
    "operation_name": "IGNotificationMessagesMutationCall",
    "operation_name_hash": "2709025703",
    "operation_text_hash": "5055723313054318837",
    "client_doc_id": "27090257035055723313054318837",
    "schema": "instagram"
  },
  "IGP2MOrderManagementCreateOrderMutation": {
    "operation_name": "IGP2MOrderManagementCreateOrderMutation",
    "operation_name_hash": "2136573960",
    "operation_text_hash": "10121229367663988317",
    "client_doc_id": "213657396010121229367663988317",
    "schema": "instagram"
  },
  "IGPandoCanonicalNamingLiteralObjectArguments": {
    "operation_name": "IGPandoCanonicalNamingLiteralObjectArguments",
    "operation_name_hash": "565393195",
    "operation_text_hash": "13760789441623523190",
    "client_doc_id": "56539319513760789441623523190",
    "schema": "instagram"
  },
  "IGPaymentsAccountDisabledRiskQuery": {
    "operation_name": "IGPaymentsAccountDisabledRiskQuery",
    "operation_name_hash": "2932619809",
    "operation_text_hash": "9017728110880405103",
    "client_doc_id": "29326198099017728110880405103",
    "schema": "instagram"
  },
  "IGPayoutCreatePayPalCredential": {
    "operation_name": "IGPayoutCreatePayPalCredential",
    "operation_name_hash": "2341381357",
    "operation_text_hash": "12909513784744536128",
    "client_doc_id": "234138135712909513784744536128",
    "schema": "instagram"
  },
  "IGPayoutEditFinancialEntityMutation": {
    "operation_name": "IGPayoutEditFinancialEntityMutation",
    "operation_name_hash": "65981234",
    "operation_text_hash": "1316632838801667089",
    "client_doc_id": "659812341316632838801667089",
    "schema": "instagram"
  },
  "IGPayoutGetFinancialEntityByAdmin": {
    "operation_name": "IGPayoutGetFinancialEntityByAdmin",
    "operation_name_hash": "2062786272",
    "operation_text_hash": "16226282946674224016",
    "client_doc_id": "206278627216226282946674224016",
    "schema": "instagram"
  },
  "IGPayoutGetFinancialEntityError": {
    "operation_name": "IGPayoutGetFinancialEntityError",
    "operation_name_hash": "4226264260",
    "operation_text_hash": "12618527632967034504",
    "client_doc_id": "422626426012618527632967034504",
    "schema": "instagram"
  },
  "IGPayoutGetProductOnboardingType": {
    "operation_name": "IGPayoutGetProductOnboardingType",
    "operation_name_hash": "2709223993",
    "operation_text_hash": "7923989528512604430",
    "client_doc_id": "27092239937923989528512604430",
    "schema": "instagram"
  },
  "IGPayoutLinkFinancialEntity": {
    "operation_name": "IGPayoutLinkFinancialEntity",
    "operation_name_hash": "830060008",
    "operation_text_hash": "15972153720840591252",
    "client_doc_id": "83006000815972153720840591252",
    "schema": "instagram"
  },
  "IGPayoutOnboardingAddressValidationQuery": {
    "operation_name": "IGPayoutOnboardingAddressValidationQuery",
    "operation_name_hash": "3607165597",
    "operation_text_hash": "10470031587811527193",
    "client_doc_id": "360716559710470031587811527193",
    "schema": "instagram"
  },
  "IGPayoutOnboardingBankValidationQuery": {
    "operation_name": "IGPayoutOnboardingBankValidationQuery",
    "operation_name_hash": "445324065",
    "operation_text_hash": "1795539646884799053",
    "client_doc_id": "4453240651795539646884799053",
    "schema": "instagram"
  },
  "IGPayoutOnboardingCreateDirectDebitCredentialMutation": {
    "operation_name": "IGPayoutOnboardingCreateDirectDebitCredentialMutation",
    "operation_name_hash": "3468380597",
    "operation_text_hash": "3469461824542896296",
    "client_doc_id": "34683805973469461824542896296",
    "schema": "instagram"
  },
  "IGPayoutOnboardingDirectDebitConfigQuery": {
    "operation_name": "IGPayoutOnboardingDirectDebitConfigQuery",
    "operation_name_hash": "40719801",
    "operation_text_hash": "11462270240181913812",
    "client_doc_id": "4071980111462270240181913812",
    "schema": "instagram"
  },
  "IGPayoutOnboardingPhoneValidationQuery": {
    "operation_name": "IGPayoutOnboardingPhoneValidationQuery",
    "operation_name_hash": "2628558630",
    "operation_text_hash": "1610207502278060161",
    "client_doc_id": "26285586301610207502278060161",
    "schema": "instagram"
  },
  "IGPayoutOnboardingStatesTaxTypesPayoutMethodsQuery": {
    "operation_name": "IGPayoutOnboardingStatesTaxTypesPayoutMethodsQuery",
    "operation_name_hash": "11024813",
    "operation_text_hash": "11177298169372100109",
    "client_doc_id": "1102481311177298169372100109",
    "schema": "instagram"
  },
  "IGPayoutPayPalURL": {
    "operation_name": "IGPayoutPayPalURL",
    "operation_name_hash": "110740114",
    "operation_text_hash": "4270720232873583347",
    "client_doc_id": "1107401144270720232873583347",
    "schema": "instagram"
  },
  "IGPostMutation": {
    "operation_name": "IGPostMutation",
    "operation_name_hash": "1511303021",
    "operation_text_hash": "5062183046930412487",
    "client_doc_id": "15113030215062183046930412487",
    "schema": "instagram"
  },
  "IGPrivacyFlowTriggerQuery": {
    "operation_name": "IGPrivacyFlowTriggerQuery",
    "operation_name_hash": "3923004184",
    "operation_text_hash": "7181017581041222100",
    "client_doc_id": "39230041847181017581041222100",
    "schema": "instagram"
  },
  "IGProactiveWarningBannerQuery": {
    "operation_name": "IGProactiveWarningBannerQuery",
    "operation_name_hash": "3794451921",
    "operation_text_hash": "12330180959126564557",
    "client_doc_id": "379445192112330180959126564557",
    "schema": "instagram"
  },
  "IGProactiveWarningEpdBannerQuery": {
    "operation_name": "IGProactiveWarningEpdBannerQuery",
    "operation_name_hash": "358356091",
    "operation_text_hash": "8591865034525650559",
    "client_doc_id": "3583560918591865034525650559",
    "schema": "instagram"
  },
  "IGPromoteAdAcctFreezeQuery": {
    "operation_name": "IGPromoteAdAcctFreezeQuery",
    "operation_name_hash": "1442173684",
    "operation_text_hash": "778578378253530373",
    "client_doc_id": "1442173684778578378253530373",
    "schema": "instagram"
  },
  "IGPromoteAdFormatPreferencesQuery": {
    "operation_name": "IGPromoteAdFormatPreferencesQuery",
    "operation_name_hash": "2298494911",
    "operation_text_hash": "9762198323990849123",
    "client_doc_id": "22984949119762198323990849123",
    "schema": "instagram"
  },
  "IGRemoveAREffectMutation": {
    "operation_name": "IGRemoveAREffectMutation",
    "operation_name_hash": "4294614558",
    "operation_text_hash": "1004033783603274413",
    "client_doc_id": "42946145581004033783603274413",
    "schema": "instagram"
  },
  "IGRiskAppealCase": {
    "operation_name": "IGRiskAppealCase",
    "operation_name_hash": "2500278743",
    "operation_text_hash": "3193236484796426352",
    "client_doc_id": "25002787433193236484796426352",
    "schema": "instagram"
  },
  "IGSaveMutation": {
    "operation_name": "IGSaveMutation",
    "operation_name_hash": "1474264976",
    "operation_text_hash": "13771724279848161007",
    "client_doc_id": "147426497613771724279848161007",
    "schema": "instagram"
  },
  "IGSendWhatsappLinkCreationVerification": {
    "operation_name": "IGSendWhatsappLinkCreationVerification",
    "operation_name_hash": "2288204648",
    "operation_text_hash": "2930682392156581319",
    "client_doc_id": "22882046482930682392156581319",
    "schema": "instagram"
  },
  "IGShopsLiteEligibilityQuery": {
    "operation_name": "IGShopsLiteEligibilityQuery",
    "operation_name_hash": "62797781",
    "operation_text_hash": "3567273132557941698",
    "client_doc_id": "627977813567273132557941698",
    "schema": "instagram"
  },
  "IGToFBXPostingDestinationsQuery": {
    "operation_name": "IGToFBXPostingDestinationsQuery",
    "operation_name_hash": "4057800887",
    "operation_text_hash": "8565467658799840396",
    "client_doc_id": "40578008878565467658799840396",
    "schema": "instagram"
  },
  "IGTurnDiscovery": {
    "operation_name": "IGTurnDiscovery",
    "operation_name_hash": "3321155167",
    "operation_text_hash": "1562251068724842915",
    "client_doc_id": "33211551671562251068724842915",
    "schema": "instagram"
  },
  "IGUserAPPlusCreationEligibleCheckQuery": {
    "operation_name": "IGUserAPPlusCreationEligibleCheckQuery",
    "operation_name_hash": "4057078598",
    "operation_text_hash": "18155733995195072943",
    "client_doc_id": "405707859818155733995195072943",
    "schema": "instagram"
  },
  "IGUserConsentQuery": {
    "operation_name": "IGUserConsentQuery",
    "operation_name_hash": "56112386",
    "operation_text_hash": "7265407470296977179",
    "client_doc_id": "561123867265407470296977179",
    "schema": "instagram"
  },
  "IGVideoLoggingSessionDebugging": {
    "operation_name": "IGVideoLoggingSessionDebugging",
    "operation_name_hash": "927860102",
    "operation_text_hash": "326630947148722968",
    "client_doc_id": "927860102326630947148722968",
    "schema": "instagram"
  },
  "IGWWWTestModularFragmentModelQuery": {
    "operation_name": "IGWWWTestModularFragmentModelQuery",
    "operation_name_hash": "2440146967",
    "operation_text_hash": "12827184161801083637",
    "client_doc_id": "244014696712827184161801083637",
    "schema": "instagram"
  },
  "IabAutofillOptOutQuery": {
    "operation_name": "IabAutofillOptOutQuery",
    "operation_name_hash": "1162523906",
    "operation_text_hash": "16066080760338067521",
    "client_doc_id": "116252390616066080760338067521",
    "schema": "instagram"
  },
  "IgAppAttestationAndroidGooglePlayIntegrityChallengeCreate": {
    "operation_name": "IgAppAttestationAndroidGooglePlayIntegrityChallengeCreate",
    "operation_name_hash": "3195137812",
    "operation_text_hash": "10215688838913088132",
    "client_doc_id": "319513781210215688838913088132",
    "schema": "instagram"
  },
  "IgAppAttestationAndroidGooglePlayIntegrityChallengeValidate": {
    "operation_name": "IgAppAttestationAndroidGooglePlayIntegrityChallengeValidate",
    "operation_name_hash": "2822985710",
    "operation_text_hash": "5531035968793324260",
    "client_doc_id": "28229857105531035968793324260",
    "schema": "instagram"
  },
  "IgAppAttestationAndroidKeystoreChallengeCreate": {
    "operation_name": "IgAppAttestationAndroidKeystoreChallengeCreate",
    "operation_name_hash": "3304817376",
    "operation_text_hash": "4664814257010953031",
    "client_doc_id": "33048173764664814257010953031",
    "schema": "instagram"
  },
  "IgAppAttestationAndroidKeystoreChallengeValidate": {
    "operation_name": "IgAppAttestationAndroidKeystoreChallengeValidate",
    "operation_name_hash": "1984284403",
    "operation_text_hash": "3365944893783102633",
    "client_doc_id": "19842844033365944893783102633",
    "schema": "instagram"
  },
  "IgCoPresenceAccuracyQuery": {
    "operation_name": "IgCoPresenceAccuracyQuery",
    "operation_name_hash": "788391252",
    "operation_text_hash": "8797089465982197554",
    "client_doc_id": "7883912528797089465982197554",
    "schema": "instagram"
  },
  "IgDonationsEligibilityQuery": {
    "operation_name": "IgDonationsEligibilityQuery",
    "operation_name_hash": "3810590170",
    "operation_text_hash": "8756471705389142524",
    "client_doc_id": "38105901708756471705389142524",
    "schema": "instagram"
  },
  "IgMakePageConnectionConsistentMutationV2": {
    "operation_name": "IgMakePageConnectionConsistentMutationV2",
    "operation_name_hash": "3282224594",
    "operation_text_hash": "11445927101912808592",
    "client_doc_id": "328222459411445927101912808592",
    "schema": "instagram"
  },
  "IgPaymentsSettingsInfoQuery": {
    "operation_name": "IgPaymentsSettingsInfoQuery",
    "operation_name_hash": "2589365802",
    "operation_text_hash": "12689349225279798056",
    "client_doc_id": "258936580212689349225279798056",
    "schema": "instagram"
  },
  "InstagramARAdsContextQuery": {
    "operation_name": "InstagramARAdsContextQuery",
    "operation_name_hash": "2566761106",
    "operation_text_hash": "11244745424426267249",
    "client_doc_id": "256676110611244745424426267249",
    "schema": "instagram"
  },
  "InstagramAREffectMetadataQuery": {
    "operation_name": "InstagramAREffectMetadataQuery",
    "operation_name_hash": "693025605",
    "operation_text_hash": "11426102447162617757",
    "client_doc_id": "69302560511426102447162617757",
    "schema": "instagram"
  },
  "InstagramARVirtualObjectQuery": {
    "operation_name": "InstagramARVirtualObjectQuery",
    "operation_name_hash": "314230978",
    "operation_text_hash": "3648614252037592478",
    "client_doc_id": "3142309783648614252037592478",
    "schema": "instagram"
  },
  "InstagramARVirtualObjectsSearchFiltersQuery": {
    "operation_name": "InstagramARVirtualObjectsSearchFiltersQuery",
    "operation_name_hash": "1926706912",
    "operation_text_hash": "1801351263498953715",
    "client_doc_id": "19267069121801351263498953715",
    "schema": "instagram"
  },
  "IntegrityUserEligibleToUseRoomQuery": {
    "operation_name": "IntegrityUserEligibleToUseRoomQuery",
    "operation_name_hash": "398976984",
    "operation_text_hash": "926436148460853553",
    "client_doc_id": "398976984926436148460853553",
    "schema": "instagram"
  },
  "InviteToRoomMutation": {
    "operation_name": "InviteToRoomMutation",
    "operation_name_hash": "886343859",
    "operation_text_hash": "10283915363195375518",
    "client_doc_id": "88634385910283915363195375518",
    "schema": "instagram"
  },
  "ListCallsQuery": {
    "operation_name": "ListCallsQuery",
    "operation_name_hash": "1718647464",
    "operation_text_hash": "8637512882713737959",
    "client_doc_id": "17186474648637512882713737959",
    "schema": "instagram"
  },
  "ListRoomsQuery": {
    "operation_name": "ListRoomsQuery",
    "operation_name_hash": "68254016",
    "operation_text_hash": "10482958627692102909",
    "client_doc_id": "6825401610482958627692102909",
    "schema": "instagram"
  },
  "MobileBuildsDogfoodingInfoQuery": {
    "operation_name": "MobileBuildsDogfoodingInfoQuery",
    "operation_name_hash": "387921837",
    "operation_text_hash": "16497396573973228510",
    "client_doc_id": "38792183716497396573973228510",
    "schema": "instagram"
  },
  "NativeMLModelBatchedQuery": {
    "operation_name": "NativeMLModelBatchedQuery",
    "operation_name_hash": "377611845",
    "operation_text_hash": "6444420575855049862",
    "client_doc_id": "3776118456444420575855049862",
    "schema": "instagram"
  },
  "NativeMLModelQuery": {
    "operation_name": "NativeMLModelQuery",
    "operation_name_hash": "3074198649",
    "operation_text_hash": "781710256926940642",
    "client_doc_id": "3074198649781710256926940642",
    "schema": "instagram"
  },
  "ProductDetailsPageUserExperienceQuery": {
    "operation_name": "ProductDetailsPageUserExperienceQuery",
    "operation_name_hash": "2933907944",
    "operation_text_hash": "5271120488705374263",
    "client_doc_id": "29339079445271120488705374263",
    "schema": "instagram"
  },
  "QEOverride": {
    "operation_name": "QEOverride",
    "operation_name_hash": "202730012",
    "operation_text_hash": "160335829367525462",
    "client_doc_id": "202730012160335829367525462",
    "schema": "instagram"
  },
  "ReelsTogetherJoinInboxQuery": {
    "operation_name": "ReelsTogetherJoinInboxQuery",
    "operation_name_hash": "3452714434",
    "operation_text_hash": "7372224603079544936",
    "client_doc_id": "34527144347372224603079544936",
    "schema": "instagram"
  },
  "ResolveRoomLinkQuery": {
    "operation_name": "ResolveRoomLinkQuery",
    "operation_name_hash": "1516446402",
    "operation_text_hash": "15635329279172868848",
    "client_doc_id": "151644640215635329279172868848",
    "schema": "instagram"
  },
  "RoomParticipantsQuery": {
    "operation_name": "RoomParticipantsQuery",
    "operation_name_hash": "4190745092",
    "operation_text_hash": "15543905855095318825",
    "client_doc_id": "419074509215543905855095318825",
    "schema": "instagram"
  },
  "ScriptingPackagesLatestVersionQuery": {
    "operation_name": "ScriptingPackagesLatestVersionQuery",
    "operation_name_hash": "2682018283",
    "operation_text_hash": "7393852352702482027",
    "client_doc_id": "26820182837393852352702482027",
    "schema": "instagram"
  },
  "SessionSurveyUriQuery": {
    "operation_name": "SessionSurveyUriQuery",
    "operation_name_hash": "4234323743",
    "operation_text_hash": "13216160966482648540",
    "client_doc_id": "423432374313216160966482648540",
    "schema": "instagram"
  },
  "TINValidationQuery": {
    "operation_name": "TINValidationQuery",
    "operation_name_hash": "3734315416",
    "operation_text_hash": "5743975720269726797",
    "client_doc_id": "37343154165743975720269726797",
    "schema": "instagram"
  },
  "TestGraphQLSubscription": {
    "operation_name": "TestGraphQLSubscription",
    "operation_name_hash": "90969805",
    "operation_text_hash": "6501666294360117289",
    "client_doc_id": "909698056501666294360117289",
    "schema": "instagram"
  },
  "TestGraphQLSubscriptionPublish": {
    "operation_name": "TestGraphQLSubscriptionPublish",
    "operation_name_hash": "3477965228",
    "operation_text_hash": "8389772191138249168",
    "client_doc_id": "34779652288389772191138249168",
    "schema": "instagram"
  },
  "TestObjectDefaultArgumentsQuery": {
    "operation_name": "TestObjectDefaultArgumentsQuery",
    "operation_name_hash": "4169725378",
    "operation_text_hash": "15604136014624046186",
    "client_doc_id": "416972537815604136014624046186",
    "schema": "instagram"
  },
  "TestObjectInlineArgumentsQuery": {
    "operation_name": "TestObjectInlineArgumentsQuery",
    "operation_name_hash": "1470427010",
    "operation_text_hash": "7926937466011366347",
    "client_doc_id": "14704270107926937466011366347",
    "schema": "instagram"
  },
  "TestObjectQueryBuilderArgumentsQuery": {
    "operation_name": "TestObjectQueryBuilderArgumentsQuery",
    "operation_name_hash": "1112090329",
    "operation_text_hash": "7168263214595482491",
    "client_doc_id": "11120903297168263214595482491",
    "schema": "instagram"
  },
  "UpdateRoomMutation": {
    "operation_name": "UpdateRoomMutation",
    "operation_name_hash": "1600147047",
    "operation_text_hash": "4321471038820301621",
    "client_doc_id": "16001470474321471038820301621",
    "schema": "instagram"
  },
  "VideoLicenseQuery": {
    "operation_name": "VideoLicenseQuery",
    "operation_name_hash": "1983348852",
    "operation_text_hash": "5181673783424606840",
    "client_doc_id": "19833488525181673783424606840",
    "schema": "instagram"
  },
  "WellbeingQuietTimeSubscription": {
    "operation_name": "WellbeingQuietTimeSubscription",
    "operation_name_hash": "277646286",
    "operation_text_hash": "81745910493060399",
    "client_doc_id": "27764628681745910493060399",
    "schema": "instagram"
  },
  "WellbeingScreenTimeSubscription": {
    "operation_name": "WellbeingScreenTimeSubscription",
    "operation_name_hash": "1801404671",
    "operation_text_hash": "8614979847122481774",
    "client_doc_id": "18014046718614979847122481774",
    "schema": "instagram"
  },
  "XIGAvatarSetProfilePictureMutation": {
    "operation_name": "XIGAvatarSetProfilePictureMutation",
    "operation_name_hash": "1897703889",
    "operation_text_hash": "6668918473075555755",
    "client_doc_id": "18977038896668918473075555755",
    "schema": "instagram"
  }
}