{
  "name":"manual",
  "cctype":"table",
  "version":1,
  "policy_id":"<undefined PlanOut experiment>:ig_android_video/ig_android_upload_quality",
  "sample_rate":1000,
  "contexts":[
    {
      "name":"network_type",
      "type":"STRING",
      "callsite":false,
      "buckets":[
        {
          "name":"WIFI-UNKNOWN",
          "strategy":"same"
        },
        {
          "name":"CELLULAR-G4",
          "strategy":"same"
        }
      ]
    },
    {
      "name":"network_downlink_bandwidth",
      "type":"FLOAT",
      "callsite":false,
      "buckets":[
        {
          "name":"high",
          "strategy":"gte",
          "values":[
            "5000"
          ]
        },
        {
          "name":"low",
          "strategy":"lt",
          "values":[
            "5000"
          ]
        }
      ]
    },
    {
      "name":"duration",
      "type":"INT",
      "callsite":true,
      "buckets":[
        {
          "name":"short",
          "strategy":"lte",
          "values":[
            "8"
          ]
        },
        {
          "name":"long",
          "strategy":"gt",
          "values":[
            "8"
          ]
        }
      ]
    },
    {
      "name":"width",
      "type":"INT",
      "callsite":true,
      "buckets":[
        {
          "name":"md",
          "strategy":"lt",
          "values":[
            "640"
          ]
        },
        {
          "name":"hd",
          "strategy":"gte",
          "values":[
            "640"
          ]
        }
      ]
    },
    {
      "name":"year_class",
      "type":"INT",
      "callsite":false,
      "buckets":[
        {
          "name":"lowend",
          "strategy":"lt",
          "values":[
            "2012"
          ]
        },
        {
          "name":"highend",
          "strategy":"gte",
          "values":[
            "2012"
          ]
        }
      ]
    }
  ],
  "outputs":[
    {
      "name":"min_bitrate",
      "type":"INT"
    }
  ],
  "defaults":[
    {
      "name":"min_bitrate",
      "value":"0"
    }
  ],
  "table":[
    {
      "bucket":"WIFI-UNKNOWN, high, short, hd, highend",
      "values":[
        {
          "name":"min_bitrate",
          "value":"4000"
        }
      ]
    },
    {
      "bucket":"WIFI-UNKNOWN, high, long, hd, highend",
      "values":[
        {
          "name":"min_bitrate",
          "value":"3000"
        }
      ]
    },
    {
      "bucket":"WIFI-UNKNOWN, low, short, hd, highend",
      "values":[
        {
          "name":"min_bitrate",
          "value":"4000"
        }
      ]
    },
    {
      "bucket":"WIFI-UNKNOWN, low, long, hd, highend",
      "values":[
        {
          "name":"min_bitrate",
          "value":"3000"
        }
      ]
    },
    {
      "bucket":"CELLULAR-G4, high, short, hd, highend",
      "values":[
        {
          "name":"min_bitrate",
          "value":"4000"
        }
      ]
    },
    {
      "bucket":"CELLULAR-G4, high, long, hd, highend",
      "values":[
        {
          "name":"min_bitrate",
          "value":"3000"
        }
      ]
    },
    {
      "bucket":"CELLULAR-G4, low, short, hd, highend",
      "values":[
        {
          "name":"min_bitrate",
          "value":"4000"
        }
      ]
    },
    {
      "bucket":"CELLULAR-G4, low, long, hd, highend",
      "values":[
        {
          "name":"min_bitrate",
          "value":"3000"
        }
      ]
    }
  ],
  "timestamp":1519284651
}default[
  empty string
]default{
  "name":"test/ig_upload_quality_test_fake",
  "types":{
    "min_bitrate":1
  },
  "description":"Test IG upload quality CC infra",
  "lastEditor":0,
  "timestamp":1512214166,
  "sample_rate":1000,
  "defaults":[
    {
      "name":"min_bitrate",
      "value":"0"
    }
  ],
  "contexts":[
    {
      "description":"",
      "dataSource":"network_type",
      "type":3,
      "isServerContext":false,
      "isDynamicServerContext":false,
      "isCallsiteClientContext":false,
      "buckets":[
        {
          "name":"WIFI-UNKNOWN",
          "op":0,
          "values":[

          ]
        },
        {
          "name":"CELLULAR-G2",
          "op":0,
          "values":[

          ]
        }
      ]
    },
    {
      "description":"",
      "dataSource":"network_downlink_bandwidth",
      "type":2,
      "isServerContext":false,
      "isDynamicServerContext":false,
      "isCallsiteClientContext":false,
      "buckets":[
        {
          "name":"high",
          "op":9,
          "values":[
            "800"
          ]
        },
        {
          "name":"low",
          "op":7,
          "values":[
            "800"
          ]
        }
      ]
    },
    {
      "description":"",
      "dataSource":"duration",
      "type":1,
      "isServerContext":false,
      "isDynamicServerContext":false,
      "isCallsiteClientContext":true,
      "buckets":[
        {
          "name":"short",
          "op":7,
          "values":[
            "10"
          ]
        },
        {
          "name":"mid",
          "op":11,
          "values":[
            "10",
            "30"
          ]
        },
        {
          "name":"long",
          "op":9,
          "values":[
            "30"
          ]
        }
      ]
    }
  ],
  "valueMap":{
    "":[
      {
        "bucket":"WIFI-UNKNOWN, low, short",
        "values":[
          {
            "name":"min_bitrate",
            "value":"2000"
          }
        ]
      },
      {
        "bucket":"WIFI-UNKNOWN, high, short",
        "values":[
          {
            "name":"min_bitrate",
            "value":"2000"
          }
        ]
      },
      {
        "bucket":"WIFI-UNKNOWN, high, mid",
        "values":[
          {
            "name":"min_bitrate",
            "value":"2000"
          }
        ]
      },
      {
        "bucket":"WIFI-UNKNOWN, high, long",
        "values":[
          {
            "name":"min_bitrate",
            "value":"2000"
          }
        ]
      },
      {
        "bucket":"CELLULAR-G2, low, short",
        "values":[
          {
            "name":"min_bitrate",
            "value":"2000"
          }
        ]
      },
      {
        "bucket":"CELLULAR-G2, high, short",
        "values":[
          {
            "name":"min_bitrate",
            "value":"2000"
          }
        ]
      },
      {
        "bucket":"CELLULAR-G2, high, mid",
        "values":[
          {
            "name":"min_bitrate",
            "value":"2000"
          }
        ]
      }
    ]
  },
  "needDiffReview":false,
  "md5":"6814077d412d9ed98f37245aca5cbb2e",
  "params":[
    {
      "name":"min_bitrate",
      "type":1,
      "defaultValue":"0"
    }
  ],
  "platform":6
}