{
  "id":"retail_ad_with_single_arts_square_image",
  "latest_reel_media":null,
  "expiring_at":9564178697,
  "seen":null,
  "can_reply":false,
  "can_reshare":false,
  "reel_type":"ads_reel",
  "user":{
    "pk":25025320,
    "username":"instagram",
    "full_name":"Instagram",
    "profile_pic_url": "https://static.xx.fbcdn.net/assets/?set=instagram_web_assets&name=App-Icon-Circular-34&density=1",
    "profile_pic_id": "1814283376876563268_20269764",
    "is_verified":true
  },
  "items":[
    {
      "taken_at":1564042442,
      "pk":2095662360135844403,
      "id":"retail_ad_with_single_arts_square_image_1",
      "media_type":1,
      "image_versions2":{
        "candidates":[
          {
            "width":3024,
            "height":3024,
            "url":"https://static.xx.fbcdn.net/assets/?set=instagram_shopping_fire_starter_category_imagery&name=clothing-accessories-unisex&density=1"
          }
        ]
      },
      "original_width":3024,
      "original_height":3024,
      "user":{
        "pk":25025320,
        "username":"instagram",
        "full_name":"Instagram",
        "profile_pic_url": "https://static.xx.fbcdn.net/assets/?set=instagram_web_assets&name=App-Icon-Circular-34&density=1",
        "profile_pic_id": "1814283376876563268_20269764",
        "is_verified":true
      },
      "caption":{
        "content_type":"comment",
        "pk":"2095662360135844325_headline",
        "text":"This is an injected test advertisement. Lorem ipsum dolor sit amet, consectetur adipiscing elit.",
        "type":1,
        "background_color":"#672107",
        "background_color_alpha":"FF",
        "text_color":"#FFFFFF",
        "text_size":16
      },
      "can_viewer_save":true,
      "can_reshare":false,
      "injected":{
        "label":"Sponsored (Demo)",
        "tracking_token":"AI@AQLRXAQOxD_CI-rHtVBhYX474xHFPevvHMrZ0s4wxCV2JEYbj5L-x_GCJPKMNO2NXb1yPzKCmzO9AxLPwsWIO-b9",
        "ad_id":6143732361688
      },
      "ad_action":"webclick",
      "link_text":"Shop now",
      "story_cta":[
        {
          "links":[
            {
              "linkType":1,
              "webUri":"https://www.instagram.com/",
              "destinationContext":"View website on Instagram",
              "tapAndHoldContext":"Swipe up to view website"
            }
          ]
        }
      ],
      "reel_media_background":{
        "top":{
          "background_color":"#672107"
        },
        "bottom":{
          "background_color":"#672107"
        }
      },
      "is_reel_media":true,
      "link_secondary_texts": ["Free shipping"]
    }
  ],
  "ranked_position":1,
  "seen_ranked_position":1,
  "muted":false,
  "prefetch_count":0,
  "carousel_rendering_type":"opt_in",
  "carousel_opt_in_position":7,
  "client_gap_rules": {
    "reel_gap_to_previous_ad": 1,
    "reel_gap_to_previous_netego": 1,
    "consumed_media_gap_to_previous_ad": 4,
    "consumed_media_gap_to_previous_netego": 4,
    "max_reel_gap_to_previous_item": 4,
    "min_media_gap_to_previous_item": 2,
    "time_gap_to_previous_item_in_sec": 5.0,
    "highest_position_rule": 2,
    "dnf": [
      {
        "exp": [
          {
            "op": 2,
            "p": 1,
            "v": 1
          },
          {
            "op": 2,
            "p": 2,
            "v": 4
          }
        ]
      },
      {
        "exp": [
          {
            "op": 2,
            "p": 1,
            "v": 5.0
          },
          {
            "op": 2,
            "p": 2,
            "v": 2
          }
        ]
      }
    ]
  },
  "priority_index":0,
  "has_pride_media":false
}
